song_id,isrc,song_name,album_name,language,label,Main_Label,Sub_Label,Label_Identification,artist,album_id,total,file_name,income,admin_Exp,royality
"srch_pplmumbai_INR1L2100166","INR1L2100166","Maa Sabka Karo Beda Paar","Maa Sabka Karo Beda Paar","Hindi","RHYFIL","Danka Music","RHYFIL","PDL","Sahil Chohan","srch_pplmumbai_000RMSKB0CA2022","96","Mumbai","5.76698299","0.86504745","4.90193554"
"srch_pplmumbai_INR1L2100183","INR1L2100183","Tabla Solo vilambit Teen Taal Part 2","Tabla Solo vilambit Teen Taal Part 2","Unknown","RHYFIL","Danka Music","RHYFIL","PDL","Mani Bhardwaj Sandeep Mishra","srch_pplmumbai_000RTSVTDB72022","56","Mumbai","3.36407341","0.50461101","2.85946240"
"srch_pplmumbai_INR1L2100022","INR1L2100022","Bharmaayo Mhaaro Maarudo","Suno Mhaaree Arjee","Hindi","RHYFIL","Danka Music","RHYFIL","PDL","Shubha Joshi Ninu Mazumdar Sant Meerabai","srch_pplmumbai_000R0SMA3AF2021","1","Mumbai","0.06007274","0.00901091","0.05106183"
"srch_pplmumbai_INR1L2100073","INR1L2100073","Ghar Chota Jeha","Ghar Chota Jeha","Hindi","RHYFIL","Danka Music","RHYFIL","PDL","Sumit Sharma Rajan Madaan Sandeep Mahi","srch_pplmumbai_000R0GCJ3492021","1","Mumbai","0.06007274","0.00901091","0.05106183"
"srch_pplmumbai_INR1L2100161","INR1L2100161","Anntarangi","Anntarangi","Marathi","RHYFIL","Danka Music","RHYFIL","PDL","Jasraj Joshi","srch_pplmumbai_000R000ADB42022","11","Mumbai","0.66080014","0.09912002","0.56168011"
"srch_pplmumbai_INR1L2100187","INR1L2100187","Retro","Ehsaas","Hindi","RHYFIL","Danka Music","RHYFIL","PDL","Rough Soul Sanxd","srch_pplmumbai_000R000EBFF2022","37","Mumbai","2.22269136","0.33340370","1.88928766"
"srch_pplmumbai_INI112177848","INI112177848","No Regrets","By Myself","Hindi","RHYFIL","Danka Music","RHYFIL","PDL","Rough Soul San D Lafz","srch_pplmumbai_000R00BM3A02021","186","Mumbai","11.17352955","1.67602943","9.49750012"
"srch_pplmumbai_INR1L2100021","INR1L2100021","Kabeera Bigariyo","Suno Mhaaree Arjee","Hindi","RHYFIL","Danka Music","RHYFIL","PDL","Shubha Joshi Ninu Mazumdar Sant Kabeerdas","srch_pplmumbai_000R0SMA3AF2021","2","Mumbai","0.12014548","0.01802182","0.10212366"
"srch_pplmumbai_INI112177845","INI112177845","Aai Cha Shrungar","Aai Cha Shrungar","Marathi","RHYFIL","Danka Music","RHYFIL","PDL","Shweta Deshpande Arun Sangole","srch_pplmumbai_000R0ACSDCE2021","1","Mumbai","0.06007274","0.00901091","0.05106183"
"srch_pplmumbai_INR1L2100088","INR1L2100088","Dolyatil Pani","Zep","Marathi","RHYFIL","Danka Music","RHYFIL","PDL","Shefali Kulkarni Sakurikar","srch_pplmumbai_000R000ZD612021","26","Mumbai","1.56189123","0.23428368","1.32760754"
"srch_pplmumbai_QZFZ42186097","QZFZ42186097","Main Ek Saaya","Main Ek Saaya","Hindi","RHYFIL","Danka Music","RHYFIL","PDL","Malavika Dikshit Reeshabh Purohit Nisha Satpute","srch_pplmumbai_000R0MESE472021","19","Mumbai","1.14138205","0.17120731","0.97017474"
"srch_pplmumbai_INR1L2100015","INR1L2100015","Mere Aaghaz Se","Sartaje Ghazal","urdu","RHYFIL","Danka Music","RHYFIL","PDL","Shubha Joshi Ustad Taj Ahmed Khan Raaz","srch_pplmumbai_000R00SG6522021","2","Mumbai","0.12014548","0.01802182","0.10212366"
"srch_pplmumbai_INR1L2100129","INR1L2100129","Ab Ghan","Ab Ghan","Hindi","RHYFIL","Danka Music","RHYFIL","PDL","Shankar Mahadevan Anoushka Naik","srch_pplmumbai_000R00AGA392021","2","Mumbai","0.12014548","0.01802182","0.10212366"
"srch_pplmumbai_INR1L2100017","INR1L2100017","Gale Lagaa Hai","Sartaje Ghazal","urdu","RHYFIL","Danka Music","RHYFIL","PDL","Shubha Joshi Ustad Taj Ahmed Khan Daagh","srch_pplmumbai_000R00SG6522021","3","Mumbai","0.18021822","0.02703273","0.15318549"
"srch_pplmumbai_INI112177849","INI112177849","2am Vibes","By Myself","Hindi","RHYFIL","Danka Music","RHYFIL","PDL","Rough Soul","srch_pplmumbai_000R00BM3A02021","10","Mumbai","0.60072740","0.09010911","0.51061829"
"srch_pplmumbai_INR1L2100179","INR1L2100179","Changli Khelalis Tu","Changli Khelalis Tu","Marathi","RHYFIL","Danka Music","RHYFIL","PDL","Sarja feat Vinay Prataprao Deshmukh","srch_pplmumbai_000R0CKT6E72022","14","Mumbai","0.84101835","0.12615275","0.71486560"
"srch_pplmumbai_INR1L2100033","INR1L2100033","Man Maze","Man Maze","Marathi","RHYFIL","Danka Music","RHYFIL","PDL","Raviraj Koltharkar Ft Duhita Kunwawlekar Ft Arundhati Tendulkar Ft Aarti Satyapal Ft Rasika Borkar Ft Nikita Ghate Ft Sneha Ayare","srch_pplmumbai_000R00MM3112021","4","Mumbai","0.24029096","0.03604364","0.20424731"
"srch_pplmumbai_INR1L2100130","INR1L2100130","Ishq Ki Baatein","Ishq Ki Baatein","Hindi","RHYFIL","Danka Music","RHYFIL","PDL","Kkomal Krusshna Khalil Abhyankar","srch_pplmumbai_000R0IKB33D2021","16","Mumbai","0.96116383","0.14417458","0.81698926"
"srch_pplmumbai_INR1L2100133","INR1L2100133","Aigiri Nandini","Aigiri Nandini","Unknown","RHYFIL","Danka Music","RHYFIL","PDL","Dhanashree Ganatra","srch_pplmumbai_000R00AN6662021","55","Mumbai","3.30400067","0.49560010","2.80840057"
"srch_pplmumbai_INR1L2100190","INR1L2100190","Raan Haldich","Raan Haldich","Marathi","RHYFIL","Danka Music","RHYFIL","PDL","Anandi Vikas feat Vishwas Ambekar Shubham Kambale S Mitali","srch_pplmumbai_000R00RHD8A2022","114","Mumbai","6.84829230","1.02724385","5.82104846"
"srch_pplmumbai_INR1L2100148","INR1L2100148","Teri Yaad","Teri Yaad","Hindi","RHYFIL","Danka Music","RHYFIL","PDL","Rohan Pagare","srch_pplmumbai_000R00TY9172022","98","Mumbai","5.88712847","0.88306927","5.00405920"
"srch_pplmumbai_INR1L2100076","INR1L2100076","Tabla Solo","Tabla Solo","Unknown","RHYFIL","Danka Music","RHYFIL","PDL","Mani Bhardwaj","srch_pplmumbai_000R00TSB8F2021","45","Mumbai","2.70327328","0.40549099","2.29778229"
"srch_pplmumbai_INR1L2100184","INR1L2100184","Doob Mare","Ehsaas","Hindi","RHYFIL","Danka Music","RHYFIL","PDL","Rough Soul Sanxd","srch_pplmumbai_000R000EBFF2022","37","Mumbai","2.22269136","0.33340370","1.88928766"
"srch_pplmumbai_INR1L2100108","INR1L2100108","Shree Suktam","Shree Suktam","Marathi","RHYFIL","Danka Music","RHYFIL","PDL","Anandi Joshi","srch_pplmumbai_000R00SSBE42021","21","Mumbai","1.26152753","0.18922913","1.07229840"
"srch_pplmumbai_INR1L2100096","INR1L2100096","Majha Ganoba","Majha Ganoba","Marathi","RHYFIL","Danka Music","RHYFIL","PDL","Nandesh Umap","srch_pplmumbai_000R00MG12F2021","20","Mumbai","1.20145479","0.18021822","1.02123657"
"srch_pplmumbai_INR1L2100146","INR1L2100146","Aathavanche Gaav","Aathavanche Gaav","Marathi","RHYFIL","Danka Music","RHYFIL","PDL","Nikhil Phatak Amol Kasal","srch_pplmumbai_000R00AG8D42021","2","Mumbai","0.12014548","0.01802182","0.10212366"
"srch_pplmumbai_INR1L2100086","INR1L2100086","Deva Ganaraya","Devaa Ganaraya","Marathi","RHYFIL","Danka Music","RHYFIL","PDL","Swapnil Bandodkar","srch_pplmumbai_000R00DG90F2021","50","Mumbai","3.00363698","0.45054555","2.55309143"
"srch_pplmumbai_INR1L2100174","INR1L2100174","Ambe Tu Hai Jagdambe","Ambe Tu Hai Jagdambe","Hindi","RHYFIL","Danka Music","RHYFIL","PDL","Kamal Kishore","srch_pplmumbai_000RATHJFA12022","330","Mumbai","19.82400404","2.97360061","16.85040343"
"srch_pplmumbai_INR1L2100005","INR1L2100005","Kshan He","Poshter Boyz","Marathi","RHYFIL","Danka Music","RHYFIL","PDL","Shankar Mahadevan Leslie Lewis","srch_pplmumbai_000R00PB9D62021","86","Mumbai","5.16625560","0.77493834","4.39131726"
"srch_pplmumbai_INR1L2100099","INR1L2100099","Khel Fugadicha","Khel Fugadicha","Marathi","RHYFIL","Danka Music","RHYFIL","PDL","Aditi Kulkarni Anurati Kulkarni","srch_pplmumbai_000R00KF7A12021","1","Mumbai","0.06007274","0.00901091","0.05106183"
"srch_pplmumbai_INR1L2100089","INR1L2100089","Harlo Kiti Ladhe Mi","Zep","Marathi","RHYFIL","Danka Music","RHYFIL","PDL","Suranjan Khandalkar","srch_pplmumbai_000R000ZD612021","7","Mumbai","0.42050918","0.06307638","0.35743280"
"srch_pplmumbai_INR1L2100117","INR1L2100117","Diwali Hai Ye","Diwali Hai Ye","Hindi","RHYFIL","Danka Music","RHYFIL","PDL","Nakash Aziz Tapanjyoti Datta","srch_pplmumbai_000R0DHY7402021","4","Mumbai","0.24029096","0.03604364","0.20424731"
"srch_pplmumbai_INR1L2100116","INR1L2100116","Anathancha Nath","Anathancha Nath","Marathi","RHYFIL","Danka Music","RHYFIL","PDL","Avadhoot Gupte","srch_pplmumbai_000R00ANBA92021","59","Mumbai","3.54429163","0.53164375","3.01264789"
"srch_pplmumbai_INR1L2100173","INR1L2100173","Baba Damru Wala","Baba Damru Wala","Hindi","RHYFIL","Danka Music","RHYFIL","PDL","Sahil Chohan","srch_pplmumbai_000R0BDWFA92022","47","Mumbai","2.82341876","0.42351281","2.39990594"
"srch_pplmumbai_INR1L2100083","INR1L2100083","Maulicha Ashwa Dhave","Maulicha Ashwa Dhave","Marathi","RHYFIL","Danka Music","RHYFIL","PDL","Shweta Deshpande Arun Sangole","srch_pplmumbai_000R0MAD2672021","10","Mumbai","0.60072740","0.09010911","0.51061829"
"srch_pplmumbai_INR1L2100181","INR1L2100181","Heer Reprise","Heer Reprise","Hindi","RHYFIL","Danka Music","RHYFIL","PDL","Harshit Chauhan","srch_pplmumbai_000R00HRF162022","19","Mumbai","1.14138205","0.17120731","0.97017474"
"srch_pplmumbai_INR1L2100164","INR1L2100164","Julale","Julale","Marathi","RHYFIL","Danka Music","RHYFIL","PDL","Nikhil Modgi","srch_pplmumbai_000R000J11C2022","8","Mumbai","0.48058192","0.07208729","0.40849463"
"srch_pplmumbai_INR1L2100029","INR1L2100029","Raag Mangal Bhairav - Drut - Shiv Mahadev","Surmayi","Hindi","RHYFIL","Danka Music","RHYFIL","PDL","Shubha Joshi","srch_pplmumbai_000R000S7BA2021","5","Mumbai","0.30036370","0.04505456","0.25530914"
"srch_pplmumbai_INR1L2100036","INR1L2100036","Yei Vithuraya Abhang","Yei Vithuraya Abhang","Marathi","RHYFIL","Danka Music","RHYFIL","PDL","Jayateerth Mevundi Kedar Divekar Avadhoot Gahndhi","srch_pplmumbai_000R0YVABD52021","618","Mumbai","37.12495301","5.56874295","31.55621006"
"srch_pplmumbai_INR1L2100160","INR1L2100160","Jeev Jhala Mogra","Jeev Jhala Mogra","Marathi","RHYFIL","Danka Music","RHYFIL","PDL","Chinmay Hulyalkar Sayee Gangan","srch_pplmumbai_000R0JJM7842022","138","Mumbai","8.29003805","1.24350571","7.04653234"
"srch_pplmumbai_INR1L2100142","INR1L2100142","Shri Dattatreya Stotram","Shri Dattatreya Stotram","Unknown","RHYFIL","Danka Music","RHYFIL","PDL","Dhanashree Ganatra","srch_pplmumbai_000R0SDSEAF2021","21","Mumbai","1.26152753","0.18922913","1.07229840"
"srch_pplmumbai_INR1L2100067","INR1L2100067","Vitthala Vitthala","Vitthala Vitthala","Marathi","RHYFIL","Danka Music","RHYFIL","PDL","Dnyaneshwar Meshram","srch_pplmumbai_000R00VV8C22021","143","Mumbai","8.59040175","1.28856026","7.30184149"
"srch_pplmumbai_INR1L2100134","INR1L2100134","Govindashtakam","Govindashtakam","Unknown","RHYFIL","Danka Music","RHYFIL","PDL","Dhanashree Ganatra","srch_pplmumbai_000R000G5A32021","1","Mumbai","0.06007274","0.00901091","0.05106183"
"srch_pplmumbai_INR1L2100002","INR1L2100002","Tu Chamakdar Chandani","Tu Chamakdar Chandani","Marathi","RHYFIL","Danka Music","RHYFIL","PDL","Tejas Satpute","srch_pplmumbai_000R0TCC8E82021","12","Mumbai","0.72087287","0.10813093","0.61274194"
"srch_pplmumbai_INR1L2100064","INR1L2100064","Bhaje Pandurangam","Bhaje Pandurangam","Marathi","RHYFIL","Danka Music","RHYFIL","PDL","Dhanashree Ganatra","srch_pplmumbai_000R00BP7032021","7","Mumbai","0.42050918","0.06307638","0.35743280"
"srch_pplmumbai_INR1L2100118","INR1L2100118","Ding Dong Vajtiya Ghanti","Piru","Marathi","RHYFIL","Danka Music","RHYFIL","PDL","Adarsh Shinde","srch_pplmumbai_000R000PC642021","42","Mumbai","2.52305506","0.37845826","2.14459680"
"srch_pplmumbai_INR1L2100127","INR1L2100127","Raag Todi - Fusion","Raag Todi - Fusion","Hindi","RHYFIL","Danka Music","RHYFIL","PDL","Savita Moghe","srch_pplmumbai_000R0RTF0992021","3","Mumbai","0.18021822","0.02703273","0.15318549"
"srch_pplmumbai_INR1L2100091","INR1L2100091","Tula Bhetaiche","Zep","Marathi","RHYFIL","Danka Music","RHYFIL","PDL","Mangesh Borgaonkar","srch_pplmumbai_000R000ZD612021","5","Mumbai","0.30036370","0.04505456","0.25530914"
"srch_pplmumbai_INR1L2100169","INR1L2100169","Meri Maiya Ka Jagrata","Meri Maiya Ka Jagrata","Hindi","RHYFIL","Danka Music","RHYFIL","PDL","Rinsi Shergill","srch_pplmumbai_000RMMKJ3322022","93","Mumbai","5.58676477","0.83801472","4.74875006"
"srch_pplmumbai_INR1L2100087","INR1L2100087","Abhal Shodhatana","Zep","Marathi","RHYFIL","Danka Music","RHYFIL","PDL","Samiksha Chandramore","srch_pplmumbai_000R000ZD612021","16","Mumbai","0.96116383","0.14417458","0.81698926"
"srch_pplmumbai_INR1L2100170","INR1L2100170","Mayia Ji Tere Charnon Mein","Mayia Ji Tere Charnon Mein","Hindi","RHYFIL","Danka Music","RHYFIL","PDL","Kamal Kishore","srch_pplmumbai_000RMJTCA972022","55","Mumbai","3.30400067","0.49560010","2.80840057"
"srch_pplmumbai_INR1L2100191","INR1L2100191","Kiti Bolane","Kiti Bolane","Marathi","RHYFIL","Danka Music","RHYFIL","PDL","Abhijeet Kosambi Tejaswini Nehete","srch_pplmumbai_000R00KB92A2022","35","Mumbai","2.10254588","0.31538188","1.78716400"
"srch_pplmumbai_INR1L2100057","INR1L2100057","Sharan Sharan","Swar Vitthal","Marathi","RHYFIL","Danka Music","RHYFIL","PDL","Anandi Vikas Dr Dilip Pandit Asavari Deglurkar","srch_pplmumbai_000R00SV09B2021","3","Mumbai","0.18021822","0.02703273","0.15318549"
"srch_pplmumbai_INR1L2100071","INR1L2100071","Deep Seed","Deep Seed","Unknown","RHYFIL","Danka Music","RHYFIL","PDL","Drummer Kd","srch_pplmumbai_000R00DS2832021","1","Mumbai","0.06007274","0.00901091","0.05106183"
"srch_pplmumbai_INR1L2100158","INR1L2100158","Sundar Se Dhyan Te","Sundar Se Dhyan Te","Marathi","RHYFIL","Danka Music","RHYFIL","PDL","Manjiri Alegaonkar","srch_pplmumbai_000RSSDT8FD2022","11","Mumbai","0.66080014","0.09912002","0.56168011"
"srch_pplmumbai_INR1L2100135","INR1L2100135","Naman Tula Guru Datta Digambar","Naman Tula Guru Datta Digambar","Marathi","RHYFIL","Danka Music","RHYFIL","PDL","Jaydeep Vaidya Ajay Naik","srch_pplmumbai_000RNTGD86E2021","33","Mumbai","1.98240040","0.29736006","1.68504034"
"srch_pplmumbai_INR1L2100024","INR1L2100024","Santo Aisaa Yog Bataya","Suno Mhaaree Arjee","Hindi","RHYFIL","Danka Music","RHYFIL","PDL","Shubha Joshi Ninu Mazumdar Sant Amritnath","srch_pplmumbai_000R0SMA3AF2021","1","Mumbai","0.06007274","0.00901091","0.05106183"
"srch_pplmumbai_INR1L2100030","INR1L2100030","Raag Khamaj - Thumri - Chhab Dikhala Ja","Surmayi","Hindi","RHYFIL","Danka Music","RHYFIL","PDL","Shubha Joshi","srch_pplmumbai_000R000S7BA2021","1","Mumbai","0.06007274","0.00901091","0.05106183"
"srch_pplmumbai_INR1L2100049","INR1L2100049","Raag Jog - Drut - Mohe Kal Na Parat Sajna","Sarvaangini","Hindi","RHYFIL","Danka Music","RHYFIL","PDL","Shubha Joshi","srch_pplmumbai_000R000SFE82021","3","Mumbai","0.18021822","0.02703273","0.15318549"
"srch_pplmumbai_INI112177836","INI112177836","Man Baware","Man Baware","Marathi","RHYFIL","Danka Music","RHYFIL","PDL","Sakshi Marathe Aaroh Kango Dev Ahhirrao","srch_pplmumbai_000R00MB05D2021","2","Mumbai","0.12014548","0.01802182","0.10212366"
"srch_pplmumbai_INR1L2100157","INR1L2100157","Sakha Panduranga","Sakha Panduranga","Marathi","RHYFIL","Danka Music","RHYFIL","PDL","Shounak Abhisheki","srch_pplmumbai_000R00SP9DC2022","24","Mumbai","1.44174575","0.21626186","1.22548389"
"srch_pplmumbai_INR1L2100097","INR1L2100097","Mudakaratha Modakam","Mudakaratha Modakam","Marathi","RHYFIL","Danka Music","RHYFIL","PDL","Sneha Hegde Padmanabh Gaikwad Rajendra Vaibhav","srch_pplmumbai_000R00MM9E82021","97","Mumbai","5.82705573","0.87405836","4.95299737"
"srch_pplmumbai_INR1L2100093","INR1L2100093","Shravan Nahi Aala","Shravan Nahi Aala","Marathi","RHYFIL","Danka Music","RHYFIL","PDL","Aarya Ambekar","srch_pplmumbai_000R0SNAE0B2021","49","Mumbai","2.94356424","0.44153464","2.50202960"
"srch_pplmumbai_INR1L2100136","INR1L2100136","Bum Bhole Bum","Bum Bhole Bum","Hindi","RHYFIL","Danka Music","RHYFIL","PDL","Abby J Sanrich Mrunal Shankar","srch_pplmumbai_000R0BBB0A32021","52","Mumbai","3.12378245","0.46856737","2.65521509"
"srch_pplmumbai_INR1L2100131","INR1L2100131","Ruswaa","Ruswaa","Hindi","RHYFIL","Danka Music","RHYFIL","PDL","Reeshabh Purohit Kalim Shaikh Khwaab","srch_pplmumbai_000R000R0ED2021","52","Mumbai","3.12378245","0.46856737","2.65521509"
"srch_pplmumbai_INR1L2100115","INR1L2100115","Jaaneman","Jaaneman","Hindi","RHYFIL","Danka Music","RHYFIL","PDL","Shaarib Toshi Kkomal Krusshna Kalim Shaikh","srch_pplmumbai_000R000J39A2021","62","Mumbai","3.72450985","0.55867648","3.16583337"
"srch_pplmumbai_INR1L2100060","INR1L2100060","Paus Jhirpato","Tujha Ek Themb","Marathi","RHYFIL","Danka Music","RHYFIL","PDL","Anandi Vikas Dr Vivek Muglikar Dhanashree Deshpande","srch_pplmumbai_000R0TETFD02021","4","Mumbai","0.24029096","0.03604364","0.20424731"
"srch_pplmumbai_INR1L2100165","INR1L2100165","Sundara","Sundara","Marathi","RHYFIL","Danka Music","RHYFIL","PDL","Abhishek Kate Shamika Bhide Amita Ghugari","srch_pplmumbai_000R000S8CF2022","232","Mumbai","13.93687557","2.09053134","11.84634423"
"srch_pplmumbai_INR1L2100147","INR1L2100147","Aao Phirse Diya Jalaye","Aao Phirse Diya Jalaye","Hindi","RHYFIL","Danka Music","RHYFIL","PDL","Jaydeep Vaidya Ajay Naik","srch_pplmumbai_000RAPDJ81D2021","6","Mumbai","0.36043644","0.05406547","0.30637097"
"srch_pplmumbai_INR1L2100001","INR1L2100001","Adneyachya Waata","Adneyachya Waata","Marathi","RHYFIL","Danka Music","RHYFIL","PDL","Sanket Puranik Jasraj Joshi Mahesh Aphale","srch_pplmumbai_000R00AW7FD2021","7","Mumbai","0.42050918","0.06307638","0.35743280"
"srch_pplmumbai_INR1L2100180","INR1L2100180","Tere Liye","Tere Liye","Hindi","RHYFIL","Danka Music","RHYFIL","PDL","Kishor Patil","srch_pplmumbai_000R00TL8382022","91","Mumbai","5.46661930","0.81999289","4.64662640"
"srch_pplmumbai_INR1L2100062","INR1L2100062","Tujha Ek Themb","Tujha Ek Themb","Marathi","RHYFIL","Danka Music","RHYFIL","PDL","Anandi Vikas Dr Vivek Muglikar Dhanashree Deshpande","srch_pplmumbai_000R0TETFD02021","3","Mumbai","0.18021822","0.02703273","0.15318549"
"srch_pplmumbai_INR1L2100020","INR1L2100020","Meri Zindagi Pe","Sartaje Ghazal","urdu","RHYFIL","Danka Music","RHYFIL","PDL","Shubha Joshi Ustad Taj Ahmed Khan Shakeel","srch_pplmumbai_000R00SG6522021","12","Mumbai","0.72087287","0.10813093","0.61274194"
"srch_pplmumbai_INR1L2100141","INR1L2100141","Double Karti Chala","Double Karti Chala","Marathi","RHYFIL","Danka Music","RHYFIL","PDL","Anil Kakde","srch_pplmumbai_000R0DKC3382021","1","Mumbai","0.06007274","0.00901091","0.05106183"
"srch_pplmumbai_INR1L2100119","INR1L2100119","Hyach Kombad Majlay","Piru","Marathi","RHYFIL","Danka Music","RHYFIL","PDL","Kavita Raam","srch_pplmumbai_000R000PC642021","2","Mumbai","0.12014548","0.01802182","0.10212366"
"srch_pplmumbai_INR1L2100078","INR1L2100078","Shehnai Rudrashtakam","Shehnai Rudrashtakam","Unknown","RHYFIL","Danka Music","RHYFIL","PDL","Rajendra Gajanan Salunke Gajanan Salunke Anand Pawar Ft Prathamesh Dhumal","srch_pplmumbai_000R00SRF9C2021","3","Mumbai","0.18021822","0.02703273","0.15318549"
"srch_pplmumbai_INR1L2100182","INR1L2100182","Tabla Solo vilambit Teen Taal Part 1 Peshkar","Tabla Solo vilambit Teen Taal Part 1","Unknown","RHYFIL","Danka Music","RHYFIL","PDL","Mani Bhardwaj Sandeep Mishra","srch_pplmumbai_000RTSVT7DF2022","84","Mumbai","5.04611012","0.75691652","4.28919360"
"srch_pplmumbai_INR1L2100013","INR1L2100013","Jitney Moonh Hain","Sartaje Ghazal","urdu","RHYFIL","Danka Music","RHYFIL","PDL","Shubha Joshi Siraj Ahmed Khan Qaisar Ul Jafri","srch_pplmumbai_000R00SG6522021","5","Mumbai","0.30036370","0.04505456","0.25530914"
"srch_pplmumbai_INR1L2100155","INR1L2100155","Bebhan Man Majhe","Bebhan Man Majhe","Marathi","RHYFIL","Danka Music","RHYFIL","PDL","Kkomal Krusshna Shubhankar Ajay Naik","srch_pplmumbai_000R0BMM2152022","33499","Mumbai","2012.37670100","301.85650510","1710.52019600"
"srch_pplmumbai_INR1L2100059","INR1L2100059","Nabh Hulu Hulu Jhale","Tujha Ek Themb","Marathi","RHYFIL","Danka Music","RHYFIL","PDL","Anandi Vikas Dr Vivek Muglikar Sandeep Ubale","srch_pplmumbai_000R0TETFD02021","1","Mumbai","0.06007274","0.00901091","0.05106183"
"srch_pplmumbai_INI112177847","INI112177847","Lost In Dreams","By Myself","Hindi","RHYFIL","Danka Music","RHYFIL","PDL","Rough Soul Lit Ink","srch_pplmumbai_000R00BM3A02021","2","Mumbai","0.12014548","0.01802182","0.10212366"
"srch_pplmumbai_INR1L2100019","INR1L2100019","Dil Mein Ab Yun","Sartaje Ghazal","urdu","RHYFIL","Danka Music","RHYFIL","PDL","Shubha Joshi Ustad Taj Ahmed Khan Faiz","srch_pplmumbai_000R00SG6522021","1","Mumbai","0.06007274","0.00901091","0.05106183"
"srch_pplmumbai_INR1L2100074","INR1L2100074","Ekdant Gajanana","Ekdant Gajanana","Marathi","RHYFIL","Danka Music","RHYFIL","PDL","Janardhan Dhatrak","srch_pplmumbai_000R00EGFDC2021","37","Mumbai","2.22269136","0.33340370","1.88928766"
"srch_pplmumbai_INI112177850","INI112177850","Sober Nahin","By Myself","Hindi","RHYFIL","Danka Music","RHYFIL","PDL","Rough Soul","srch_pplmumbai_000R00BM3A02021","1","Mumbai","0.06007274","0.00901091","0.05106183"
"srch_pplmumbai_INR1L2100053","INR1L2100053","Aatmyachi Dindi","Swar Vitthal","Marathi","RHYFIL","Danka Music","RHYFIL","PDL","Anandi Vikas Dr Dilip Pandit Siddharth Patil","srch_pplmumbai_000R00SV09B2021","7","Mumbai","0.42050918","0.06307638","0.35743280"
"srch_pplmumbai_INR1L2100186","INR1L2100186","Le Chal","Ehsaas","Hindi","RHYFIL","Danka Music","RHYFIL","PDL","Rough Soul Sanxd","srch_pplmumbai_000R000EBFF2022","116","Mumbai","6.96843778","1.04526567","5.92317212"
"srch_pplmumbai_INR1L2100051","INR1L2100051","Raag Chandrakauns - Dadra - Ja Bairi Ja Badra","Sarvaangini","Hindi","RHYFIL","Danka Music","RHYFIL","PDL","Shubha Joshi","srch_pplmumbai_000R000SFE82021","3","Mumbai","0.18021822","0.02703273","0.15318549"
"srch_pplmumbai_INR1L2100072","INR1L2100072","Shiv Aarti","Shiv Aarti","Hindi","RHYFIL","Danka Music","RHYFIL","PDL","Sumangal Arora","srch_pplmumbai_000R00SA71F2021","186","Mumbai","11.17352955","1.67602943","9.49750012"
"srch_pplmumbai_INR1L2100145","INR1L2100145","Metro May Retro","Metro May Retro","Hindi","RHYFIL","Danka Music","RHYFIL","PDL","Saurabh Raizada","srch_pplmumbai_000R0MMR1162021","11","Mumbai","0.66080014","0.09912002","0.56168011"
"srch_pplmumbai_INR1L2100016","INR1L2100016","Kabhi Shaakho Sabzaa O","Sartaje Ghazal","urdu","RHYFIL","Danka Music","RHYFIL","PDL","Shubha Joshi Ustad Taj Ahmed Khan Jigar","srch_pplmumbai_000R00SG6522021","31","Mumbai","1.86225493","0.27933824","1.58291669"
"srch_pplmumbai_INI112177839","INI112177839","Punha Ekda","Punha Ekda","Marathi","RHYFIL","Danka Music","RHYFIL","PDL","Savaniee Ravindrra Niranjan Pedgaonkar Shaunak Sirrole","srch_pplmumbai_000R00PEF7F2021","4","Mumbai","0.24029096","0.03604364","0.20424731"
"srch_pplmumbai_INR1L2100054","INR1L2100054","Dhyani Aasava","Swar Vitthal","Marathi","RHYFIL","Danka Music","RHYFIL","PDL","Anandi Vikas Dr Dilip Pandit Shefali Kulkarni Sakurikar","srch_pplmumbai_000R00SV09B2021","3","Mumbai","0.18021822","0.02703273","0.15318549"
"srch_pplmumbai_INI112177835","INI112177835","Savalbadha","Savalbadha","Marathi","RHYFIL","Danka Music","RHYFIL","PDL","Dhanashree Ganatra Pooja Bhadange","srch_pplmumbai_000R000SE712021","1","Mumbai","0.06007274","0.00901091","0.05106183"
"srch_pplmumbai_INR1L2100058","INR1L2100058","Dahulalya Dohat","Tujha Ek Themb","Marathi","RHYFIL","Danka Music","RHYFIL","PDL","Anandi Vikas Dr Vivek Muglikar Hrishikesh Ranade","srch_pplmumbai_000R0TETFD02021","1","Mumbai","0.06007274","0.00901091","0.05106183"
"srch_pplmumbai_INR1L2100128","INR1L2100128","Dil Chaahe Bhar Loon Udaan","Udaan","Hindi","RHYFIL","Danka Music","RHYFIL","PDL","Kkomal Krusshna","srch_pplmumbai_000R000U8152021","2","Mumbai","0.12014548","0.01802182","0.10212366"
"srch_pplmumbai_INR1L2100014","INR1L2100014","Koi Aarzoo","Sartaje Ghazal","urdu","RHYFIL","Danka Music","RHYFIL","PDL","Shubha Joshi Ustad Taj Ahmed Khan Shakeel","srch_pplmumbai_000R00SG6522021","2","Mumbai","0.12014548","0.01802182","0.10212366"
"srch_pplmumbai_INR1L2100121","INR1L2100121","Premachya Rangat","Piru","Marathi","RHYFIL","Danka Music","RHYFIL","PDL","Swapnil Godbole Aarohi Mhatre Nayak","srch_pplmumbai_000R000PC642021","6","Mumbai","0.36043644","0.05406547","0.30637097"
"srch_pplmumbai_INR1L2100124","INR1L2100124","Heer","Heer","Hindi","RHYFIL","Danka Music","RHYFIL","PDL","Harshit Chauhan","srch_pplmumbai_000R000HB5E2021","3","Mumbai","0.18021822","0.02703273","0.15318549"
"srch_pplmumbai_INR1L2100132","INR1L2100132","Asato Maa Sadgamaya","Asato Maa Sadgamaya","Unknown","RHYFIL","Danka Music","RHYFIL","PDL","Dhanashree Ganatra","srch_pplmumbai_000R0AMS9C32021","3","Mumbai","0.18021822","0.02703273","0.15318549"
"srch_pplmumbai_INR1L2100126","INR1L2100126","Khalbal Kar Na","Khalbal Kar Na","Marathi","RHYFIL","Danka Music","RHYFIL","PDL","Somnath Shinde Kailas Bagal Sanrich","srch_pplmumbai_000R0KKN8292021","1","Mumbai","0.06007274","0.00901091","0.05106183"
"srch_pplmumbai_INR1L2100110","INR1L2100110","Gaata Chal Gan Gan Ganat Bote Gajanan Maharaj Qawwali","Gaata Chal Gan Gan Ganat Bote Gajanan Maharaj Qawwali","Hindi","RHYFIL","Danka Music","RHYFIL","PDL","Rafi Habib Madhuri Joshi","srch_pplmumbai_000RGCGGC762021","17","Mumbai","1.02123657","0.15318549","0.86805109"
"srch_pplmumbai_INR1L2100011","INR1L2100011","Kya Kya Fareb","Sartaje Ghazal","urdu","RHYFIL","Danka Music","RHYFIL","PDL","Shubha Joshi Siraj Ahmed Khan Roopa Mehta 'Naghma'","srch_pplmumbai_000R00SG6522021","1","Mumbai","0.06007274","0.00901091","0.05106183"
"srch_pplmumbai_INR1L2100122","INR1L2100122","Laxmi Stotra","Laxmi Stotra","Marathi","RHYFIL","Danka Music","RHYFIL","PDL","Dr Shekhar Kulkarni","srch_pplmumbai_000R00LS09B2021","126","Mumbai","7.56916518","1.13537478","6.43379040"
"srch_pplmumbai_INI112177844","INI112177844","Gaatha Khulya Dilachi","Gaatha Khulya Dilachi","Marathi","RHYFIL","Danka Music","RHYFIL","PDL","Datta Thite Tyagraj Khadilkar Shripad Thite","srch_pplmumbai_000R0GKD0782021","740","Mumbai","44.45382723","6.66807409","37.78575315"
"srch_pplmumbai_INR1L2100010","INR1L2100010","Unke Baghair","Sartaje Ghazal","urdu","RHYFIL","Danka Music","RHYFIL","PDL","Shubha Joshi Siraj Ahmed Khan Shakeel","srch_pplmumbai_000R00SG6522021","1","Mumbai","0.06007274","0.00901091","0.05106183"
"srch_pplmumbai_INR1L2100154","INR1L2100154","Vaajtay Ga Tun Tun","Vaajtay Ga Tun Tun","Marathi","RHYFIL","Danka Music","RHYFIL","PDL","Tejas Satpute Rahul Chandane Sagar Shinde","srch_pplmumbai_000RVGTTFDA2022","5","Mumbai","0.30036370","0.04505456","0.25530914"
"srch_pplmumbai_INR1L2100075","INR1L2100075","Garhana","Garhana","Marathi","RHYFIL","Danka Music","RHYFIL","PDL","Rajendra Gajanan Salunke Sunil Godbole Yatin S Trimbakkar","srch_pplmumbai_000R000G5BF2021","2","Mumbai","0.12014548","0.01802182","0.10212366"
"srch_pplmumbai_INR1L2100065","INR1L2100065","Vaari","Vaari","Marathi","RHYFIL","Danka Music","RHYFIL","PDL","Madhur Shinde","srch_pplmumbai_000R000V3662021","343","Mumbai","20.60494965","3.09074245","17.51420720"
"srch_pplmumbai_INR1L2100163","INR1L2100163","Hindustan","Hindustan","Hindi","RHYFIL","Danka Music","RHYFIL","PDL","Ajay Naik Ramaa Sagar Pratik Jathan Avinash Jadhav","srch_pplmumbai_000R000H7B22022","198","Mumbai","11.89440242","1.78416036","10.11024206"
"srch_pplmumbai_INR1L2100168","INR1L2100168","Ram Ram Japle","Ram Ram Japle","Hindi","RHYFIL","Danka Music","RHYFIL","PDL","Kamal Kishore","srch_pplmumbai_000R0RRJC362022","179","Mumbai","10.75302037","1.61295306","9.14006732"
"srch_pplmumbai_INR1L2100023","INR1L2100023","Hari Bin Tero","Suno Mhaaree Arjee","Hindi","RHYFIL","Danka Music","RHYFIL","PDL","Shubha Joshi Shobha Gurtu Sant Kabeerdas","srch_pplmumbai_000R0SMA3AF2021","2","Mumbai","0.12014548","0.01802182","0.10212366"
"srch_pplmumbai_INR1L2100063","INR1L2100063","Chimbadalya Rani Vitthalacha Lala","Chimbadalya Rani Vitthalacha Lala","Marathi","RHYFIL","Danka Music","RHYFIL","PDL","Anandi Vikas Aaba Mahajan Ft Vishwas Ambekar Mahesh Jain","srch_pplmumbai_000RCRVL7352021","5","Mumbai","0.30036370","0.04505456","0.25530914"
"srch_pplmumbai_INR1L2100109","INR1L2100109","Scary Dance","Scary Dance","Unknown","RHYFIL","Danka Music","RHYFIL","PDL","Drummer Kd","srch_pplmumbai_000R00SD27F2021","2","Mumbai","0.12014548","0.01802182","0.10212366"
"srch_pplmumbai_INR1L2100114","INR1L2100114","Sakha Krupavant","Sakha Krupavant","Marathi","RHYFIL","Danka Music","RHYFIL","PDL","Shweta Deshpande","srch_pplmumbai_000R00SKBE02021","1","Mumbai","0.06007274","0.00901091","0.05106183"
"srch_pplmumbai_INR1L2100094","INR1L2100094","Sad Hi Spandananchi","Sad Hi Spandananchi","Marathi","RHYFIL","Danka Music","RHYFIL","PDL","Pallavi Patki Dhole","srch_pplmumbai_000R0SHS9F62021","13","Mumbai","0.78094561","0.11714184","0.66380377"
"srch_pplmumbai_INR1L2100018","INR1L2100018","Kuch Is Adaa Se","Sartaje Ghazal","urdu","RHYFIL","Danka Music","RHYFIL","PDL","Shubha Joshi Ustad Taj Ahmed Khan Jigar","srch_pplmumbai_000R00SG6522021","48","Mumbai","2.88349150","0.43252372","2.45096777"
"srch_pplmumbai_INR1L2100192","INR1L2100192","Shivba","Shivba","Marathi","RHYFIL","Danka Music","RHYFIL","PDL","Ajay Naik Avinash Jadhav Sachin Gawali","srch_pplmumbai_000R000S0C62022","421","Mumbai","25.29062333","3.79359350","21.49702983"
"srch_pplmumbai_INR1L2100026","INR1L2100026","Main Kehi Samjhaaun","Suno Mhaaree Arjee","Hindi","RHYFIL","Danka Music","RHYFIL","PDL","Shubha Joshi Ninu Mazumdar Sant Kabeerdas","srch_pplmumbai_000R0SMA3AF2021","1","Mumbai","0.06007274","0.00901091","0.05106183"
"srch_pplmumbai_INR1L2100171","INR1L2100171","Om Jai Lakshmi Mata Aarti","Om Jai Lakshmi Mata Aarti","Hindi","RHYFIL","Danka Music","RHYFIL","PDL","Harbhajan Hari","srch_pplmumbai_000ROJLM9472022","235","Mumbai","14.11709378","2.11756407","11.99952972"
"srch_pplmumbai_INR1L2100012","INR1L2100012","Kabhi To Padh","Sartaje Ghazal","urdu","RHYFIL","Danka Music","RHYFIL","PDL","Shubha Joshi Siraj Ahmed Khan Saabir","srch_pplmumbai_000R00SG6522021","10","Mumbai","0.60072740","0.09010911","0.51061829"
"srch_pplmumbai_INR1L2100090","INR1L2100090","Tu Haslyawar","Zep","Marathi","RHYFIL","Danka Music","RHYFIL","PDL","Shefali Kulkarni Sakurikar","srch_pplmumbai_000R000ZD612021","1","Mumbai","0.06007274","0.00901091","0.05106183"
"srch_pplmumbai_INI112177838","INI112177838","You And I","You And I","English","RHYFIL","Danka Music","RHYFIL","PDL","Dhanashree Ganatra","srch_pplmumbai_000R0YAI7FA2021","3","Mumbai","0.18021822","0.02703273","0.15318549"
"srch_pplmumbai_INI112177837","INI112177837","Tanhaai","Tanhaai","Hindi","RHYFIL","Danka Music","RHYFIL","PDL","Dhanashree Ganatra","srch_pplmumbai_000R000TE412021","5","Mumbai","0.30036370","0.04505456","0.25530914"
"srch_pplmumbai_INR1L2100006","INR1L2100006","Deva Deva","Poshter Boyz","Marathi","RHYFIL","Danka Music","RHYFIL","PDL","Nandesh Umap Bela Shende Swapnil Bandodkar","srch_pplmumbai_000R00PB9D62021","176","Mumbai","10.57280215","1.58592032","8.98688183"
"srch_pplmumbai_INR1L2100068","INR1L2100068","Matwari","Matwari","Hindi","RHYFIL","Danka Music","RHYFIL","PDL","Praful Swapnil Rohit Raut Mandar Cholkar","srch_pplmumbai_000R000M17A2021","7","Mumbai","0.42050918","0.06307638","0.35743280"
"srch_pplmumbai_INR1L2100034","INR1L2100034","Vandan Tujhla Hai Gajvadna","Siddhivinayaka","Hindi","RHYFIL","Danka Music","RHYFIL","PDL","Raviraj Koltharkar Ft Duhita Kunwawlekar Ft Arundhati Tendulkar Ft Aarti Satyapal Ft Rasika Borkar Ft Nikita Ghate Ft Sneha Ayare","srch_pplmumbai_000R000S61E2021","5","Mumbai","0.30036370","0.04505456","0.25530914"
"srch_pplmumbai_INR1L2100175","INR1L2100175","Aisi Teri Yaari","Aisi Teri Yaari","Hindi","RHYFIL","Danka Music","RHYFIL","PDL","Ramneek Pal 'Rammy'","srch_pplmumbai_000R0ATY86C2022","35","Mumbai","2.10254588","0.31538188","1.78716400"
"srch_pplmumbai_INR1L2100156","INR1L2100156","Rama Rama","Rama Rama","Marathi","RHYFIL","Danka Music","RHYFIL","PDL","Raghunandan Panshikar","srch_pplmumbai_000R00RR3A92022","122","Mumbai","7.32887422","1.09933113","6.22954309"
"srch_pplmumbai_INR1L2100185","INR1L2100185","Be With Me","Ehsaas","Hindi","RHYFIL","Danka Music","RHYFIL","PDL","Rough Soul Sanxd","srch_pplmumbai_000R000EBFF2022","23","Mumbai","1.38167301","0.20725095","1.17442206"
"srch_pplmumbai_INR1L2100172","INR1L2100172","Bhor Bhayi Din Chad Gaya Meri Ambe","Bhor Bhayi Din Chad Gaya Meri Ambe","Hindi","RHYFIL","Danka Music","RHYFIL","PDL","Rinsi Shergill","srch_pplmumbai_000RBBDC4842022","121","Mumbai","7.26880148","1.09032022","6.17848126"
"srch_pplmumbai_INR1L2100055","INR1L2100055","He Palkhi","Swar Vitthal","Marathi","RHYFIL","Danka Music","RHYFIL","PDL","Anandi Vikas Dr Dilip Pandit Suranjan Khandalkar","srch_pplmumbai_000R00SV09B2021","1","Mumbai","0.06007274","0.00901091","0.05106183"
"srch_pplmumbai_INR1L2100069","INR1L2100069","Aadha Ishq","Aadha Ishq","Hindi","RHYFIL","Danka Music","RHYFIL","PDL","Praful Swapnil Brijesh Shandilya Jai Atre","srch_pplmumbai_000R00AI4982021","20","Mumbai","1.20145479","0.18021822","1.02123657"
"srch_pplmumbai_INR1L2100098","INR1L2100098","Yenar Majha Bappa","Yenar Majha Bappa","Marathi","RHYFIL","Danka Music","RHYFIL","PDL","Tejas Satpute Ajit Chafe","srch_pplmumbai_000R0YMB6922021","6","Mumbai","0.36043644","0.05406547","0.30637097"
"srch_pplmumbai_INR1L2100092","INR1L2100092","Tuza Vyathecha Kavet","Zep","Marathi","RHYFIL","Danka Music","RHYFIL","PDL","Sai Prasad","srch_pplmumbai_000R000ZD612021","5","Mumbai","0.30036370","0.04505456","0.25530914"
"srch_pplmumbai_INR1L2100061","INR1L2100061","Paus Paus","Tujha Ek Themb","Marathi","RHYFIL","Danka Music","RHYFIL","PDL","Anandi Vikas Dr Vivek Muglikar Mangesh Borgaonkar","srch_pplmumbai_000R0TETFD02021","1","Mumbai","0.06007274","0.00901091","0.05106183"
"srch_pplmumbai_INR1L2100003","INR1L2100003","Poshter Boyz Title Track","Poshter Boyz","Marathi","RHYFIL","Danka Music","RHYFIL","PDL","Avdhoot Gupte Leslie Lewis Shreyas Talpade Gandhar Kadam 1080g","srch_pplmumbai_000R00PB9D62021","31","Mumbai","1.86225493","0.27933824","1.58291669"
"srch_pplmumbai_INR1L2100113","INR1L2100113","Maze Jivichi Aavadi","Maze Jivichi Aavadi","Marathi","RHYFIL","Danka Music","RHYFIL","PDL","Shweta Deshpande","srch_pplmumbai_000R0MJAF722021","1","Mumbai","0.06007274","0.00901091","0.05106183"
"srch_pplmumbai_INR1L2100056","INR1L2100056","Kanani Aaikato","Swar Vitthal","Marathi","RHYFIL","Danka Music","RHYFIL","PDL","Anandi Vikas Dr Dilip Pandit Shefali Kulkarni Sakurikar","srch_pplmumbai_000R00SV09B2021","2","Mumbai","0.12014548","0.01802182","0.10212366"
"srch_pplmumbai_INR1L2100004","INR1L2100004","Aaichya Gavat","Poshter Boyz","Marathi","RHYFIL","Danka Music","RHYFIL","PDL","Gandhar Kadam 1080g Nihar Shembekar","srch_pplmumbai_000R00PB9D62021","45","Mumbai","2.70327328","0.40549099","2.29778229"
"srch_pplmumbai_INR1L2100167","INR1L2100167","Rang Chad Gaya","Rang Chad Gaya","Hindi","RHYFIL","Danka Music","RHYFIL","PDL","Rinsi Shergill","srch_pplmumbai_000R0RCG5DB2022","50","Mumbai","3.00363698","0.45054555","2.55309143"
"srch_pplmumbai_INR1L2100082","INR1L2100082","Mora Mann Baawaraa","Mora Mann Baawaraa","Hindi","RHYFIL","Danka Music","RHYFIL","PDL","Dhanashree Ganatra","srch_pplmumbai_000R0MMB3162021","1","Mumbai","0.06007274","0.00901091","0.05106183"
"srch_pplmumbai_INR1L2100032","INR1L2100032","Baraso Re","Baraso Re","Hindi","RHYFIL","Danka Music","RHYFIL","PDL","Raviraj Koltharkar Ft Duhita Kunwawlekar Ft Arundhati Tendulkar Ft Aarti Satyapal Ft Rasika Borkar Ft Nikita Ghate Ft Sneha Ayare","srch_pplmumbai_000R00BR3E42021","75","Mumbai","4.50545546","0.67581832","3.82963714"
"srch_pplmumbai_INR1L2100112","INR1L2100112","Bolava Vitthal","Bolava Vitthal","Marathi","RHYFIL","Danka Music","RHYFIL","PDL","Utkarsh Koli","srch_pplmumbai_000R00BV7F42021","34","Mumbai","2.04247314","0.30637097","1.73610217"
"srch_pplmumbai_INR1L2100120","INR1L2100120","Mala Kai Zal","Piru","Marathi","RHYFIL","Danka Music","RHYFIL","PDL","Kaushik Deshpande","srch_pplmumbai_000R000PC642021","7","Mumbai","0.42050918","0.06307638","0.35743280"
